Category,TokenType,Token,AccumulatedScore
alt.atheism,Anomaly_Driver,threaten,0.0003463643603026867
alt.atheism,Anomaly_Driver,lies,0.0003362209303304553
alt.atheism,Anomaly_Driver,each,0.00029092513218529346
alt.atheism,Anomaly_Driver,reflect,0.000267823257308919
alt.atheism,Anomaly_Driver,##11,0.000267817485746491
alt.atheism,Anomaly_Driver,thanks,0.00025766956559891696
alt.atheism,Anomaly_Driver,bear,0.00025496804155409334
alt.atheism,Anomaly_Driver,marc,0.00024714692121960977
alt.atheism,Anomaly_Driver,josh,0.0002425772836431861
alt.atheism,Anomaly_Driver,thousand,0.00022172910876179231
alt.atheism,Anomaly_Driver,want,0.00021309048106559202
alt.atheism,Anomaly_Driver,##pet,0.00020122310361330164
alt.atheism,Anomaly_Driver,study,0.00018710411386564375
alt.atheism,Anomaly_Driver,sunday,0.00016848186496645212
alt.atheism,Anomaly_Driver,ignoring,0.00016258603427559136
alt.atheism,Anomaly_Driver,tax,0.00015433618100360035
alt.atheism,Anomaly_Driver,disciples,0.00014758602483198047
alt.atheism,Anomaly_Driver,##ound,0.00014170184440445154
alt.atheism,Anomaly_Driver,run,0.0001374447164380399
alt.atheism,Anomaly_Driver,brett,0.00013267959002405405
alt.atheism,Anomaly_Driver,served,0.000128082813716901
alt.atheism,Anomaly_Driver,displayed,0.0001265284139662981
alt.atheism,Anomaly_Driver,helpful,0.00011121496454506996
alt.atheism,Anomaly_Driver,tires,0.00010430588449708011
alt.atheism,Anomaly_Driver,cats,0.00010381645879533607
alt.atheism,Anomaly_Driver,underlying,9.69718093983829e-05
alt.atheism,Anomaly_Driver,tao,9.608107429812663e-05
alt.atheism,Anomaly_Driver,posting,8.820284328976413e-05
alt.atheism,Anomaly_Driver,set,8.625152918284584e-05
alt.atheism,Anomaly_Driver,signature,8.512051426805556e-05
alt.atheism,Anomaly_Driver,##58,8.376771220355294e-05
alt.atheism,Anomaly_Driver,##or,8.347333459823858e-05
alt.atheism,Anomaly_Driver,lot,8.322058165504132e-05
alt.atheism,Anomaly_Driver,symptoms,8.128209592541679e-05
alt.atheism,Anomaly_Driver,rear,8.072481368799344e-05
alt.atheism,Anomaly_Driver,developed,7.944719427541714e-05
alt.atheism,Anomaly_Driver,win,7.697351134083874e-05
alt.atheism,Anomaly_Driver,appreciated,7.694692999393737e-05
alt.atheism,Anomaly_Driver,law,7.439602259182721e-05
alt.atheism,Anomaly_Driver,##chy,7.112497864909528e-05
alt.atheism,Anomaly_Driver,1948,7.082225056365132e-05
alt.atheism,Anomaly_Driver,##pire,7.023055222816765e-05
alt.atheism,Anomaly_Driver,hypothesis,6.932844407856465e-05
alt.atheism,Anomaly_Driver,ones,6.83728859257826e-05
alt.atheism,Anomaly_Driver,absolutely,6.317710449366132e-05
alt.atheism,Anomaly_Driver,thank,5.932771341576881e-05
alt.atheism,Anomaly_Driver,relieve,5.788155904156156e-05
alt.atheism,Anomaly_Driver,##ters,5.675234388036188e-05
alt.atheism,Anomaly_Driver,patron,5.345657700672746e-05
alt.atheism,Anomaly_Driver,burden,5.285780207486823e-05
comp.graphics,Anomaly_Driver,equal,0.0005791616127226007
comp.graphics,Anomaly_Driver,takes,0.0005330964303993824
comp.graphics,Anomaly_Driver,holland,0.00041865864768624305
comp.graphics,Anomaly_Driver,lord,0.00039918217407830525
comp.graphics,Anomaly_Driver,windows,0.00019793588476204604
comp.graphics,Anomaly_Driver,after,0.00018891029469614296
comp.graphics,Anomaly_Driver,each,0.00018791132372371068
comp.graphics,Anomaly_Driver,emerge,0.00018080940935760736
comp.graphics,Anomaly_Driver,banks,0.0001669949710048968
comp.graphics,Anomaly_Driver,unix,0.00015860336034165812
comp.graphics,Anomaly_Driver,below,0.00015378246989712353
comp.graphics,Anomaly_Driver,ed,0.00015164620558607566
comp.graphics,Anomaly_Driver,ci,0.0001508260580294518
comp.graphics,Anomaly_Driver,del,0.0001477135341247049
comp.graphics,Anomaly_Driver,##aus,0.00014610535008614535
comp.graphics,Anomaly_Driver,##nction,0.0001454816316254437
comp.graphics,Anomaly_Driver,descend,0.00014476554933935405
comp.graphics,Anomaly_Driver,base,0.00014142714007903123
comp.graphics,Anomaly_Driver,hang,0.0001377850647259038
comp.graphics,Anomaly_Driver,day,0.00013651511276293604
comp.graphics,Anomaly_Driver,tried,0.0001353783130980446
comp.graphics,Anomaly_Driver,problem,0.00013342033734033975
comp.graphics,Anomaly_Driver,got,0.0001313008095166879
comp.graphics,Anomaly_Driver,car,0.00012701804869266197
comp.graphics,Anomaly_Driver,fatigue,0.00012629053089767693
comp.graphics,Anomaly_Driver,aware,0.000126229552552104
comp.graphics,Anomaly_Driver,guy,0.00012100365129299461
comp.graphics,Anomaly_Driver,##virus,0.00011684107594192028
comp.graphics,Anomaly_Driver,waiting,0.00011333494931022869
comp.graphics,Anomaly_Driver,effort,0.00011330712386552478
comp.graphics,Anomaly_Driver,##ious,0.00011279501541139325
comp.graphics,Anomaly_Driver,found,0.00011064258164878993
comp.graphics,Anomaly_Driver,##ces,0.0001101551375541021
comp.graphics,Anomaly_Driver,fun,0.00010974055730912368
comp.graphics,Anomaly_Driver,rockies,0.00010728520574048162
comp.graphics,Anomaly_Driver,may,0.00010577374081890411
comp.graphics,Anomaly_Driver,echo,0.00010271334322169423
comp.graphics,Anomaly_Driver,libertarian,0.00010196883085882291
comp.graphics,Anomaly_Driver,band,0.00010027290745711071
comp.graphics,Anomaly_Driver,ss,9.949165396392346e-05
comp.graphics,Anomaly_Driver,##met,9.917116258293391e-05
comp.graphics,Anomaly_Driver,##bey,9.916550479829311e-05
comp.graphics,Anomaly_Driver,installed,9.75046437815763e-05
comp.graphics,Anomaly_Driver,##x,9.641236515562923e-05
comp.graphics,Anomaly_Driver,caliphate,9.626770042814314e-05
comp.graphics,Anomaly_Driver,manpower,9.272790048271417e-05
comp.graphics,Anomaly_Driver,330,9.011789225041867e-05
comp.graphics,Anomaly_Driver,nervous,8.960524428403005e-05
comp.graphics,Anomaly_Driver,selling,8.75567475304706e-05
comp.graphics,Anomaly_Driver,yugoslavia,8.715816074982286e-05
comp.os.ms-windows.misc,Anomaly_Driver,master,0.000664433311430912
comp.os.ms-windows.misc,Anomaly_Driver,fuji,0.0004830364603549242
comp.os.ms-windows.misc,Anomaly_Driver,broadcast,0.00036428048042580485
comp.os.ms-windows.misc,Anomaly_Driver,##uting,0.00021654526658494434
comp.os.ms-windows.misc,Anomaly_Driver,saturn,0.0002165025277008681
comp.os.ms-windows.misc,Anomaly_Driver,train,0.00021564108187703822
comp.os.ms-windows.misc,Anomaly_Driver,patriot,0.00021550109340751078
comp.os.ms-windows.misc,Anomaly_Driver,##sman,0.00018624120857566596
comp.os.ms-windows.misc,Anomaly_Driver,party,0.00012119989009988786
comp.os.ms-windows.misc,Anomaly_Driver,huntington,9.170254925265909e-05
comp.os.ms-windows.misc,Anomaly_Driver,ken,9.061383316293359e-05
comp.os.ms-windows.misc,Anomaly_Driver,alison,8.589859353378416e-05
comp.os.ms-windows.misc,Anomaly_Driver,gate,8.456402829324361e-05
comp.os.ms-windows.misc,Anomaly_Driver,repeated,8.343728259205819e-05
comp.os.ms-windows.misc,Anomaly_Driver,##gen,7.910202812126954e-05
comp.os.ms-windows.misc,Anomaly_Driver,copeland,7.37540889531374e-05
comp.os.ms-windows.misc,Anomaly_Driver,via,7.308353328880913e-05
comp.os.ms-windows.misc,Anomaly_Driver,security,7.068718496157089e-05
comp.os.ms-windows.misc,Anomaly_Driver,texas,7.02953640029591e-05
comp.os.ms-windows.misc,Anomaly_Driver,monty,6.686605629511178e-05
comp.os.ms-windows.misc,Anomaly_Driver,brewer,6.48781773634255e-05
comp.os.ms-windows.misc,Anomaly_Driver,source,5.966639464531909e-05
comp.os.ms-windows.misc,Anomaly_Driver,whose,5.933126230956986e-05
comp.os.ms-windows.misc,Anomaly_Driver,##upt,5.892012850381434e-05
comp.os.ms-windows.misc,Anomaly_Driver,75,5.776014986622613e-05
comp.os.ms-windows.misc,Anomaly_Driver,dave,5.587624327745289e-05
comp.os.ms-windows.misc,Anomaly_Driver,alley,5.477963131852448e-05
comp.os.ms-windows.misc,Anomaly_Driver,fans,5.355404291549348e-05
comp.os.ms-windows.misc,Anomaly_Driver,hui,5.262710037641227e-05
comp.os.ms-windows.misc,Anomaly_Driver,available,5.156479132892855e-05
comp.os.ms-windows.misc,Anomaly_Driver,must,4.879574912592943e-05
comp.os.ms-windows.misc,Anomaly_Driver,adults,4.793982079718262e-05
comp.os.ms-windows.misc,Anomaly_Driver,auto,4.613188580151473e-05
comp.os.ms-windows.misc,Anomaly_Driver,##u,4.607612825111573e-05
comp.os.ms-windows.misc,Anomaly_Driver,test,4.534127438091673e-05
comp.os.ms-windows.misc,Anomaly_Driver,air,4.476710219023516e-05
comp.os.ms-windows.misc,Anomaly_Driver,^,4.3385344179114325e-05
comp.os.ms-windows.misc,Anomaly_Driver,cartridges,4.268453812983353e-05
comp.os.ms-windows.misc,Anomaly_Driver,pad,4.1847445027087814e-05
comp.os.ms-windows.misc,Anomaly_Driver,##ric,4.038628867419902e-05
comp.os.ms-windows.misc,Anomaly_Driver,mil,3.958280431106687e-05
comp.os.ms-windows.misc,Anomaly_Driver,ed,3.900793985849305e-05
comp.os.ms-windows.misc,Anomaly_Driver,##zio,3.8566190232813825e-05
comp.os.ms-windows.misc,Anomaly_Driver,screens,3.680039349092112e-05
comp.os.ms-windows.misc,Anomaly_Driver,forward,3.669400252874766e-05
comp.os.ms-windows.misc,Anomaly_Driver,track,3.614806582845631e-05
comp.os.ms-windows.misc,Anomaly_Driver,boulder,3.595107700675726e-05
comp.os.ms-windows.misc,Anomaly_Driver,trust,3.587007595342584e-05
comp.os.ms-windows.misc,Anomaly_Driver,experience,3.514759464451345e-05
comp.os.ms-windows.misc,Anomaly_Driver,happy,3.473177857813425e-05
comp.sys.ibm.pc.hardware,Anomaly_Driver,ap,0.0006070137722417712
comp.sys.ibm.pc.hardware,Anomaly_Driver,globe,0.00036341982922749594
comp.sys.ibm.pc.hardware,Anomaly_Driver,1993,0.00027539597635950486
comp.sys.ibm.pc.hardware,Anomaly_Driver,kent,0.00021871947246836497
comp.sys.ibm.pc.hardware,Anomaly_Driver,april,0.0002073588467283116
comp.sys.ibm.pc.hardware,Anomaly_Driver,commit,0.00019443777855485678
comp.sys.ibm.pc.hardware,Anomaly_Driver,wrong,0.00019203219064820587
comp.sys.ibm.pc.hardware,Anomaly_Driver,thursday,0.0001673121391377208
comp.sys.ibm.pc.hardware,Anomaly_Driver,boston,0.0001530097385511908
comp.sys.ibm.pc.hardware,Anomaly_Driver,thus,0.0001419089770934079
comp.sys.ibm.pc.hardware,Anomaly_Driver,wins,0.00013609160341729876
comp.sys.ibm.pc.hardware,Anomaly_Driver,^,0.00012465604336284742
comp.sys.ibm.pc.hardware,Anomaly_Driver,##ne,0.0001164712390391287
comp.sys.ibm.pc.hardware,Anomaly_Driver,fun,0.00010996847995556892
comp.sys.ibm.pc.hardware,Anomaly_Driver,rest,0.00010938377508864505
comp.sys.ibm.pc.hardware,Anomaly_Driver,shipping,0.00010821556716109627
comp.sys.ibm.pc.hardware,Anomaly_Driver,sub,9.977693425753387e-05
comp.sys.ibm.pc.hardware,Anomaly_Driver,cote,9.402470896020531e-05
comp.sys.ibm.pc.hardware,Anomaly_Driver,contrary,9.205094456774532e-05
comp.sys.ibm.pc.hardware,Anomaly_Driver,rape,9.0364316929481e-05
comp.sys.ibm.pc.hardware,Anomaly_Driver,22,8.511721025570296e-05
comp.sys.ibm.pc.hardware,Anomaly_Driver,during,8.151766069204313e-05
comp.sys.ibm.pc.hardware,Anomaly_Driver,ali,8.000414818525315e-05
comp.sys.ibm.pc.hardware,Anomaly_Driver,post,7.891200275480514e-05
comp.sys.ibm.pc.hardware,Anomaly_Driver,##lights,7.869831752032042e-05
comp.sys.ibm.pc.hardware,Anomaly_Driver,wait,7.76569027948426e-05
comp.sys.ibm.pc.hardware,Anomaly_Driver,count,7.69417812989559e-05
comp.sys.ibm.pc.hardware,Anomaly_Driver,own,7.68979328313435e-05
comp.sys.ibm.pc.hardware,Anomaly_Driver,replies,7.318025091080926e-05
comp.sys.ibm.pc.hardware,Anomaly_Driver,##ably,7.315687216760124e-05
comp.sys.ibm.pc.hardware,Anomaly_Driver,screwed,7.23644089703157e-05
comp.sys.ibm.pc.hardware,Anomaly_Driver,##me,7.191758595581632e-05
comp.sys.ibm.pc.hardware,Anomaly_Driver,disease,6.768295552319614e-05
comp.sys.ibm.pc.hardware,Anomaly_Driver,eating,6.762330813216976e-05
comp.sys.ibm.pc.hardware,Anomaly_Driver,him,6.271883535191591e-05
comp.sys.ibm.pc.hardware,Anomaly_Driver,##pole,6.271827660384588e-05
comp.sys.ibm.pc.hardware,Anomaly_Driver,released,6.226137847988866e-05
comp.sys.ibm.pc.hardware,Anomaly_Driver,##ed,6.103853247623192e-05
comp.sys.ibm.pc.hardware,Anomaly_Driver,ken,6.10123392107198e-05
comp.sys.ibm.pc.hardware,Anomaly_Driver,l,6.058056897018105e-05
comp.sys.ibm.pc.hardware,Anomaly_Driver,platform,5.5020817671902475e-05
comp.sys.ibm.pc.hardware,Anomaly_Driver,minute,5.486068530444754e-05
comp.sys.ibm.pc.hardware,Anomaly_Driver,note,5.480039808389847e-05
comp.sys.ibm.pc.hardware,Anomaly_Driver,interesting,5.208673892411753e-05
comp.sys.ibm.pc.hardware,Anomaly_Driver,nt,5.195187113713473e-05
comp.sys.ibm.pc.hardware,Anomaly_Driver,##ters,5.123092032590648e-05
comp.sys.ibm.pc.hardware,Anomaly_Driver,##yme,5.1174974214518445e-05
comp.sys.ibm.pc.hardware,Anomaly_Driver,##15,5.0150309834862125e-05
comp.sys.ibm.pc.hardware,Anomaly_Driver,ask,4.931139455948142e-05
comp.sys.ibm.pc.hardware,Anomaly_Driver,ray,4.891849384875968e-05
comp.sys.mac.hardware,Anomaly_Driver,=,0.0010483910834409472
comp.sys.mac.hardware,Anomaly_Driver,*,0.0009132687759574765
comp.sys.mac.hardware,Anomaly_Driver,shame,0.0004846617579460144
comp.sys.mac.hardware,Anomaly_Driver,soul,0.00048405621382698885
comp.sys.mac.hardware,Anomaly_Driver,capacity,0.00033267378612436007
comp.sys.mac.hardware,Anomaly_Driver,cannot,0.0003062075862544589
comp.sys.mac.hardware,Anomaly_Driver,wrote,0.00028829589100496376
comp.sys.mac.hardware,Anomaly_Driver,slightly,0.00027294693027215546
comp.sys.mac.hardware,Anomaly_Driver,move,0.00026688626821851357
comp.sys.mac.hardware,Anomaly_Driver,disk,0.0002361953775107395
comp.sys.mac.hardware,Anomaly_Driver,^,0.00020345225211713114
comp.sys.mac.hardware,Anomaly_Driver,6,0.00018723865578067488
comp.sys.mac.hardware,Anomaly_Driver,shipping,0.0001779235819412861
comp.sys.mac.hardware,Anomaly_Driver,also,0.00015929795745250885
comp.sys.mac.hardware,Anomaly_Driver,wonder,0.00014758614674974523
comp.sys.mac.hardware,Anomaly_Driver,attended,0.00014299420872703194
comp.sys.mac.hardware,Anomaly_Driver,room,0.0001388509292155504
comp.sys.mac.hardware,Anomaly_Driver,##ep,0.00011421878589317203
comp.sys.mac.hardware,Anomaly_Driver,+,0.00011230748605157714
comp.sys.mac.hardware,Anomaly_Driver,##ew,0.00011077593408117536
comp.sys.mac.hardware,Anomaly_Driver,bash,0.00010274476371705533
comp.sys.mac.hardware,Anomaly_Driver,car,0.00010124675745828426
comp.sys.mac.hardware,Anomaly_Driver,u,9.890496294246986e-05
comp.sys.mac.hardware,Anomaly_Driver,us,9.746111725235096e-05
comp.sys.mac.hardware,Anomaly_Driver,red,9.707927056297194e-05
comp.sys.mac.hardware,Anomaly_Driver,dr,9.414260871380975e-05
comp.sys.mac.hardware,Anomaly_Driver,figure,8.730172557989136e-05
comp.sys.mac.hardware,Anomaly_Driver,dining,8.321109926328063e-05
comp.sys.mac.hardware,Anomaly_Driver,assumed,8.016202264116146e-05
comp.sys.mac.hardware,Anomaly_Driver,around,7.90752938883088e-05
comp.sys.mac.hardware,Anomaly_Driver,@,7.68463938129571e-05
comp.sys.mac.hardware,Anomaly_Driver,our,7.635927554474619e-05
comp.sys.mac.hardware,Anomaly_Driver,g,7.348544495471288e-05
comp.sys.mac.hardware,Anomaly_Driver,1988,6.982964532653568e-05
comp.sys.mac.hardware,Anomaly_Driver,ko,6.82073809002759e-05
comp.sys.mac.hardware,Anomaly_Driver,main,6.74549286486581e-05
comp.sys.mac.hardware,Anomaly_Driver,seminar,6.725225830450654e-05
comp.sys.mac.hardware,Anomaly_Driver,info,6.312425684882328e-05
comp.sys.mac.hardware,Anomaly_Driver,miles,6.27592748060124e-05
comp.sys.mac.hardware,Anomaly_Driver,liberal,6.153209797048476e-05
comp.sys.mac.hardware,Anomaly_Driver,run,6.111041252552241e-05
comp.sys.mac.hardware,Anomaly_Driver,##cript,6.085052809794434e-05
comp.sys.mac.hardware,Anomaly_Driver,lord,5.8805682783713564e-05
comp.sys.mac.hardware,Anomaly_Driver,cent,5.8703207469079646e-05
comp.sys.mac.hardware,Anomaly_Driver,spacecraft,5.834972907905467e-05
comp.sys.mac.hardware,Anomaly_Driver,id,5.715014699489984e-05
comp.sys.mac.hardware,Anomaly_Driver,jesus,5.394625177359558e-05
comp.sys.mac.hardware,Anomaly_Driver,##ge,5.1749686690527597e-05
comp.sys.mac.hardware,Anomaly_Driver,mike,5.1487667133187645e-05
comp.sys.mac.hardware,Anomaly_Driver,##dur,4.900540807284415e-05
comp.windows.x,Anomaly_Driver,0,0.001470405195868807
comp.windows.x,Anomaly_Driver,chad,0.0005231096409261226
comp.windows.x,Anomaly_Driver,electronic,0.0005111530684189347
comp.windows.x,Anomaly_Driver,hi,0.00033655261972853623
comp.windows.x,Anomaly_Driver,results,0.0002925415629874806
comp.windows.x,Anomaly_Driver,catholic,0.00028403938267729245
comp.windows.x,Anomaly_Driver,ipa,0.0002537901444156887
comp.windows.x,Anomaly_Driver,19,0.00022164190372677694
comp.windows.x,Anomaly_Driver,hard,0.00018799999229486276
comp.windows.x,Anomaly_Driver,attach,0.00017027497806338944
comp.windows.x,Anomaly_Driver,93,0.0001695801528512675
comp.windows.x,Anomaly_Driver,apparently,0.00016076798697213236
comp.windows.x,Anomaly_Driver,another,0.0001570890806760872
comp.windows.x,Anomaly_Driver,tube,0.00015660548524465412
comp.windows.x,Anomaly_Driver,d,0.00014971642413001972
comp.windows.x,Anomaly_Driver,##tron,0.00014497742522507907
comp.windows.x,Anomaly_Driver,john,0.00013228314091975334
comp.windows.x,Anomaly_Driver,##gen,0.00013108840212225915
comp.windows.x,Anomaly_Driver,9,0.0001225389747560257
comp.windows.x,Anomaly_Driver,shadow,0.00011925350409001113
comp.windows.x,Anomaly_Driver,thanks,0.00011433086465331143
comp.windows.x,Anomaly_Driver,fine,0.00010957589583995286
comp.windows.x,Anomaly_Driver,well,0.00010743804044750504
comp.windows.x,Anomaly_Driver,thread,0.00010640027430781629
comp.windows.x,Anomaly_Driver,nj,0.00010243190226901788
comp.windows.x,Anomaly_Driver,great,9.78249698619038e-05
comp.windows.x,Anomaly_Driver,smoke,9.600904613762395e-05
comp.windows.x,Anomaly_Driver,market,9.32165822632669e-05
comp.windows.x,Anomaly_Driver,discussion,9.19917390547198e-05
comp.windows.x,Anomaly_Driver,items,9.061195905815111e-05
comp.windows.x,Anomaly_Driver,##in,9.009462748963415e-05
comp.windows.x,Anomaly_Driver,ed,8.963263119312614e-05
comp.windows.x,Anomaly_Driver,list,8.693840975411149e-05
comp.windows.x,Anomaly_Driver,formats,8.560494607081636e-05
comp.windows.x,Anomaly_Driver,been,8.328880512635806e-05
comp.windows.x,Anomaly_Driver,arc,8.257159397544456e-05
comp.windows.x,Anomaly_Driver,seat,8.217775216508016e-05
comp.windows.x,Anomaly_Driver,reflect,8.100722943709116e-05
comp.windows.x,Anomaly_Driver,lot,8.07175784757419e-05
comp.windows.x,Anomaly_Driver,espn,8.024052003747783e-05
comp.windows.x,Anomaly_Driver,exercise,7.666719175176695e-05
comp.windows.x,Anomaly_Driver,bu,7.634612102265237e-05
comp.windows.x,Anomaly_Driver,robert,7.631696084899886e-05
comp.windows.x,Anomaly_Driver,guy,7.615088616148568e-05
comp.windows.x,Anomaly_Driver,supernatural,7.477608869521646e-05
comp.windows.x,Anomaly_Driver,scripture,7.135953887882351e-05
comp.windows.x,Anomaly_Driver,characterization,7.109316647984088e-05
comp.windows.x,Anomaly_Driver,germany,6.994739169385866e-05
comp.windows.x,Anomaly_Driver,game,6.863536168566498e-05
comp.windows.x,Anomaly_Driver,sabbath,6.839236011728645e-05
misc.forsale,Anomaly_Driver,##ble,0.0014987077562182093
misc.forsale,Anomaly_Driver,lowell,0.0010364104062318801
misc.forsale,Anomaly_Driver,didn,0.0006970865963921824
misc.forsale,Anomaly_Driver,custom,0.0006397173363438923
misc.forsale,Anomaly_Driver,bill,0.0004977089221938514
misc.forsale,Anomaly_Driver,thanks,0.0003577274495000893
misc.forsale,Anomaly_Driver,budget,0.0003518192777846707
misc.forsale,Anomaly_Driver,bruce,0.00034814712125808
misc.forsale,Anomaly_Driver,barnett,0.0003223554464057088
misc.forsale,Anomaly_Driver,##h,0.00030461168726105827
misc.forsale,Anomaly_Driver,email,0.0002774326458165888
misc.forsale,Anomaly_Driver,please,0.00021200281212259143
misc.forsale,Anomaly_Driver,false,0.00019879146566381678
misc.forsale,Anomaly_Driver,respond,0.00019703887701325585
misc.forsale,Anomaly_Driver,##tto,0.00019233953207731247
misc.forsale,Anomaly_Driver,##sl,0.00018576963411760518
misc.forsale,Anomaly_Driver,tal,0.00018190422561019658
misc.forsale,Anomaly_Driver,itself,0.0001759846469212789
misc.forsale,Anomaly_Driver,##ag,0.00017537492431074497
misc.forsale,Anomaly_Driver,situ,0.00017451363382861018
misc.forsale,Anomaly_Driver,incorrect,0.0001659687866776949
misc.forsale,Anomaly_Driver,##ge,0.0001647167606279254
misc.forsale,Anomaly_Driver,##pr,0.0001578669954369616
misc.forsale,Anomaly_Driver,ai,0.00014646010458818637
misc.forsale,Anomaly_Driver,background,0.00013543005652536522
misc.forsale,Anomaly_Driver,law,0.00012362154502625343
misc.forsale,Anomaly_Driver,stuck,0.0001150743641119334
misc.forsale,Anomaly_Driver,defines,0.00011415292974561452
misc.forsale,Anomaly_Driver,faust,0.00011289310641586781
misc.forsale,Anomaly_Driver,society,0.00010951426811516285
misc.forsale,Anomaly_Driver,##eri,0.0001089022695850872
misc.forsale,Anomaly_Driver,##24,0.00010831354156835005
misc.forsale,Anomaly_Driver,announce,0.00010475393528395217
misc.forsale,Anomaly_Driver,##x,0.00010262264781886188
misc.forsale,Anomaly_Driver,amount,0.0001007714039133134
misc.forsale,Anomaly_Driver,computer,9.942976375896251e-05
misc.forsale,Anomaly_Driver,>,9.797428449473956e-05
misc.forsale,Anomaly_Driver,xv,9.792368330181489e-05
misc.forsale,Anomaly_Driver,near,9.659878187449067e-05
misc.forsale,Anomaly_Driver,##dable,9.626444661989809e-05
misc.forsale,Anomaly_Driver,adapt,9.149934267043136e-05
misc.forsale,Anomaly_Driver,center,9.023068291753588e-05
misc.forsale,Anomaly_Driver,0,8.861548531058361e-05
misc.forsale,Anomaly_Driver,02,8.653735276311635e-05
misc.forsale,Anomaly_Driver,##uled,8.338168263435363e-05
misc.forsale,Anomaly_Driver,oregon,8.29787808470428e-05
misc.forsale,Anomaly_Driver,updated,8.081697160378098e-05
misc.forsale,Anomaly_Driver,r,7.933813608360652e-05
misc.forsale,Anomaly_Driver,consumer,7.834992525204142e-05
misc.forsale,Anomaly_Driver,lo,7.816858569640318e-05
rec.autos,Anomaly_Driver,isn,0.000562467124404975
rec.autos,Anomaly_Driver,reason,0.00053274435831554
rec.autos,Anomaly_Driver,posts,0.0005260790007014293
rec.autos,Anomaly_Driver,shipping,0.0003636371987340681
rec.autos,Anomaly_Driver,organizer,0.00032562618143856527
rec.autos,Anomaly_Driver,enhance,0.00032112966291606424
rec.autos,Anomaly_Driver,ended,0.0003129538614302874
rec.autos,Anomaly_Driver,##rl,0.00029513973404391434
rec.autos,Anomaly_Driver,hang,0.00025084776605126534
rec.autos,Anomaly_Driver,purpose,0.00023420655074914975
rec.autos,Anomaly_Driver,##ider,0.00021213267464190722
rec.autos,Anomaly_Driver,sounds,0.00020452295580071224
rec.autos,Anomaly_Driver,plus,0.00018632260532740473
rec.autos,Anomaly_Driver,remembering,0.0001746877678669989
rec.autos,Anomaly_Driver,##el,0.0001686986099684873
rec.autos,Anomaly_Driver,summary,0.00014987490576459094
rec.autos,Anomaly_Driver,stefan,0.0001487336354330182
rec.autos,Anomaly_Driver,defence,0.00014806492254137993
rec.autos,Anomaly_Driver,yo,0.00014537192982970736
rec.autos,Anomaly_Driver,},0.00013796851080769557
rec.autos,Anomaly_Driver,kent,0.00013744168700213777
rec.autos,Anomaly_Driver,preferred,0.0001345739932730794
rec.autos,Anomaly_Driver,##olo,0.00013240084517747165
rec.autos,Anomaly_Driver,charge,0.00012909158458569437
rec.autos,Anomaly_Driver,|,0.00012481459646096482
rec.autos,Anomaly_Driver,held,0.00011864605603477685
rec.autos,Anomaly_Driver,ingredients,0.00011553067015483976
rec.autos,Anomaly_Driver,farm,0.00011133999869343825
rec.autos,Anomaly_Driver,setting,9.421962531632743e-05
rec.autos,Anomaly_Driver,clip,9.327030891199683e-05
rec.autos,Anomaly_Driver,thanks,9.002606611829833e-05
rec.autos,Anomaly_Driver,wa,8.979448894024245e-05
rec.autos,Anomaly_Driver,alison,8.499223040416836e-05
rec.autos,Anomaly_Driver,anticipating,8.090599585557357e-05
rec.autos,Anomaly_Driver,us,7.882210093157482e-05
rec.autos,Anomaly_Driver,##he,7.766760973026976e-05
rec.autos,Anomaly_Driver,posted,7.723863159299071e-05
rec.autos,Anomaly_Driver,##cera,7.721829460933804e-05
rec.autos,Anomaly_Driver,cheers,7.311224071600008e-05
rec.autos,Anomaly_Driver,##iard,7.212231284938752e-05
rec.autos,Anomaly_Driver,##ood,7.052451783238212e-05
rec.autos,Anomaly_Driver,213,6.995073199504987e-05
rec.autos,Anomaly_Driver,enforced,6.614916492253542e-05
rec.autos,Anomaly_Driver,um,6.435236400648137e-05
rec.autos,Anomaly_Driver,50,5.9232515104667983e-05
rec.autos,Anomaly_Driver,##ered,5.8926980636897496e-05
rec.autos,Anomaly_Driver,##board,5.8719763546832834e-05
rec.autos,Anomaly_Driver,25,5.7092320821539035e-05
rec.autos,Anomaly_Driver,##ec,5.671453186550934e-05
rec.autos,Anomaly_Driver,center,5.3329934780776965e-05
rec.motorcycles,Anomaly_Driver,compatible,0.0009147456787559349
rec.motorcycles,Anomaly_Driver,told,0.0005710737576009705
rec.motorcycles,Anomaly_Driver,##ddle,0.0004775192588567734
rec.motorcycles,Anomaly_Driver,supported,0.0004609264950886427
rec.motorcycles,Anomaly_Driver,interest,0.000448144236383996
rec.motorcycles,Anomaly_Driver,asking,0.0003842467912363645
rec.motorcycles,Anomaly_Driver,sample,0.0003458756975305732
rec.motorcycles,Anomaly_Driver,advance,0.0003445572498094407
rec.motorcycles,Anomaly_Driver,##eg,0.00027548311936698155
rec.motorcycles,Anomaly_Driver,data,0.0002542417741778991
rec.motorcycles,Anomaly_Driver,competent,0.00023433314636349677
rec.motorcycles,Anomaly_Driver,earn,0.0001686806865109247
rec.motorcycles,Anomaly_Driver,description,0.00016604657166681137
rec.motorcycles,Anomaly_Driver,advertising,0.00016359488254238385
rec.motorcycles,Anomaly_Driver,honda,0.00016350836449419148
rec.motorcycles,Anomaly_Driver,p,0.00015902540535535082
rec.motorcycles,Anomaly_Driver,spectrum,0.000144226724296459
rec.motorcycles,Anomaly_Driver,precise,0.0001432039076462388
rec.motorcycles,Anomaly_Driver,comics,0.00013913750153733418
rec.motorcycles,Anomaly_Driver,mod,0.00013597224560726317
rec.motorcycles,Anomaly_Driver,convert,0.00013483540305969655
rec.motorcycles,Anomaly_Driver,expo,0.00013258943645269027
rec.motorcycles,Anomaly_Driver,products,0.00013003818548895651
rec.motorcycles,Anomaly_Driver,harding,0.00012957120779901742
rec.motorcycles,Anomaly_Driver,ownership,0.00012654643505811692
rec.motorcycles,Anomaly_Driver,battery,0.00012489651398936986
rec.motorcycles,Anomaly_Driver,##crow,0.00011974005656156805
rec.motorcycles,Anomaly_Driver,doug,0.0001188069822092075
rec.motorcycles,Anomaly_Driver,14,0.00011645054000837262
rec.motorcycles,Anomaly_Driver,bp,0.00011600848574744305
rec.motorcycles,Anomaly_Driver,worst,0.00011353914360370254
rec.motorcycles,Anomaly_Driver,##case,0.00010897733736783266
rec.motorcycles,Anomaly_Driver,mhz,9.961682362700231e-05
rec.motorcycles,Anomaly_Driver,##ist,9.580581149748468e-05
rec.motorcycles,Anomaly_Driver,cultural,9.420691822015215e-05
rec.motorcycles,Anomaly_Driver,anderson,9.388995822519064e-05
rec.motorcycles,Anomaly_Driver,@,9.23170338410273e-05
rec.motorcycles,Anomaly_Driver,wonderful,9.187859777739504e-05
rec.motorcycles,Anomaly_Driver,x,9.160180293292797e-05
rec.motorcycles,Anomaly_Driver,paul,9.129918362305034e-05
rec.motorcycles,Anomaly_Driver,else,8.980956499726744e-05
rec.motorcycles,Anomaly_Driver,trace,8.935099403970526e-05
rec.motorcycles,Anomaly_Driver,##beau,8.853157050907612e-05
rec.motorcycles,Anomaly_Driver,highest,8.698947494849563e-05
rec.motorcycles,Anomaly_Driver,cha,8.638900962978368e-05
rec.motorcycles,Anomaly_Driver,bosnia,8.33288523608644e-05
rec.motorcycles,Anomaly_Driver,enlightenment,8.318527834489941e-05
rec.motorcycles,Anomaly_Driver,payne,8.244548444054089e-05
rec.motorcycles,Anomaly_Driver,skepticism,7.825249922461807e-05
rec.motorcycles,Anomaly_Driver,char,7.820760347385658e-05
rec.sport.baseball,Anomaly_Driver,4,0.001320344313592159
rec.sport.baseball,Anomaly_Driver,thanks,0.0006892146997870441
rec.sport.baseball,Anomaly_Driver,=,0.0004975020637175475
rec.sport.baseball,Anomaly_Driver,much,0.0003400314159989648
rec.sport.baseball,Anomaly_Driver,plants,0.00032384871410613415
rec.sport.baseball,Anomaly_Driver,fossil,0.00021956091950414702
rec.sport.baseball,Anomaly_Driver,##ds,0.0001960774970939383
rec.sport.baseball,Anomaly_Driver,kent,0.0001865110476501286
rec.sport.baseball,Anomaly_Driver,wish,0.00016801098827272652
rec.sport.baseball,Anomaly_Driver,bonus,0.00015091896057128906
rec.sport.baseball,Anomaly_Driver,look,0.00014153460797388106
rec.sport.baseball,Anomaly_Driver,nor,0.0001385368978844781
rec.sport.baseball,Anomaly_Driver,great,0.0001307147021861965
rec.sport.baseball,Anomaly_Driver,##ted,0.00012494813961438922
rec.sport.baseball,Anomaly_Driver,absurd,0.00010870527476072311
rec.sport.baseball,Anomaly_Driver,many,9.136286339526123e-05
rec.sport.baseball,Anomaly_Driver,adams,8.937620150391012e-05
rec.sport.baseball,Anomaly_Driver,ground,8.493765199091285e-05
rec.sport.baseball,Anomaly_Driver,fueled,8.273138664662837e-05
rec.sport.baseball,Anomaly_Driver,college,8.074160432443022e-05
rec.sport.baseball,Anomaly_Driver,death,7.966120065248106e-05
rec.sport.baseball,Anomaly_Driver,6,7.058881656121229e-05
rec.sport.baseball,Anomaly_Driver,yeast,6.891169296068256e-05
rec.sport.baseball,Anomaly_Driver,applications,6.731961959758337e-05
rec.sport.baseball,Anomaly_Driver,ahl,6.39024656265974e-05
rec.sport.baseball,Anomaly_Driver,hi,6.359258832162595e-05
rec.sport.baseball,Anomaly_Driver,abc,6.347025046125055e-05
rec.sport.baseball,Anomaly_Driver,bat,6.24227648586384e-05
rec.sport.baseball,Anomaly_Driver,##onia,5.893614725209773e-05
rec.sport.baseball,Anomaly_Driver,douglas,5.7593133533373475e-05
rec.sport.baseball,Anomaly_Driver,outlets,5.529669870156795e-05
rec.sport.baseball,Anomaly_Driver,beliefs,5.442616184154758e-05
rec.sport.baseball,Anomaly_Driver,copeland,5.3306901827454566e-05
rec.sport.baseball,Anomaly_Driver,##ld,5.255481428321218e-05
rec.sport.baseball,Anomaly_Driver,##lia,5.242631016244559e-05
rec.sport.baseball,Anomaly_Driver,cheers,4.8268846421706256e-05
rec.sport.baseball,Anomaly_Driver,pay,4.731193421321222e-05
rec.sport.baseball,Anomaly_Driver,insisting,4.6545913210138676e-05
rec.sport.baseball,Anomaly_Driver,ominous,4.332894750405103e-05
rec.sport.baseball,Anomaly_Driver,##ay,4.097793425898999e-05
rec.sport.baseball,Anomaly_Driver,h,4.0675838909010055e-05
rec.sport.baseball,Anomaly_Driver,popular,4.066540077474201e-05
rec.sport.baseball,Anomaly_Driver,di,3.9907841483000084e-05
rec.sport.baseball,Anomaly_Driver,experience,3.8288406722131184e-05
rec.sport.baseball,Anomaly_Driver,trade,3.689731456688605e-05
rec.sport.baseball,Anomaly_Driver,sunrise,3.622755866672378e-05
rec.sport.baseball,Anomaly_Driver,wi,3.6046164564140784e-05
rec.sport.baseball,Anomaly_Driver,judging,3.522261431498919e-05
rec.sport.baseball,Anomaly_Driver,##ets,3.482763277133927e-05
rec.sport.baseball,Anomaly_Driver,soon,3.4787825393323145e-05
rec.sport.hockey,Anomaly_Driver,ball,0.0011819277851827792
rec.sport.hockey,Anomaly_Driver,might,0.0009427571429114323
rec.sport.hockey,Anomaly_Driver,which,0.0008180585765785508
rec.sport.hockey,Anomaly_Driver,org,0.0008141103862726595
rec.sport.hockey,Anomaly_Driver,wondering,0.0006497579056485847
rec.sport.hockey,Anomaly_Driver,passed,0.0006337700182484695
rec.sport.hockey,Anomaly_Driver,cars,0.0005307417230142164
rec.sport.hockey,Anomaly_Driver,their,0.00041741941809050334
rec.sport.hockey,Anomaly_Driver,types,0.0003802064988121856
rec.sport.hockey,Anomaly_Driver,##yne,0.0003610909916460514
rec.sport.hockey,Anomaly_Driver,who,0.00035752033684275373
rec.sport.hockey,Anomaly_Driver,contacts,0.00035187951289117336
rec.sport.hockey,Anomaly_Driver,let,0.00035001136075152317
rec.sport.hockey,Anomaly_Driver,try,0.00034132430773752275
rec.sport.hockey,Anomaly_Driver,##ca,0.00032558484617766225
rec.sport.hockey,Anomaly_Driver,during,0.0003241296628402779
rec.sport.hockey,Anomaly_Driver,them,0.0003025768907036763
rec.sport.hockey,Anomaly_Driver,computer,0.0002684392739865871
rec.sport.hockey,Anomaly_Driver,##3,0.00025944354329112687
rec.sport.hockey,Anomaly_Driver,bolt,0.00023342286149272696
rec.sport.hockey,Anomaly_Driver,3,0.0002235066356661264
rec.sport.hockey,Anomaly_Driver,welcome,0.0002103812887071399
rec.sport.hockey,Anomaly_Driver,among,0.00020891571748506976
rec.sport.hockey,Anomaly_Driver,##100,0.00020861209395661717
rec.sport.hockey,Anomaly_Driver,disk,0.00020448214709176682
rec.sport.hockey,Anomaly_Driver,fat,0.0001976536515940097
rec.sport.hockey,Anomaly_Driver,array,0.00018392560832580784
rec.sport.hockey,Anomaly_Driver,wants,0.00018377062588115223
rec.sport.hockey,Anomaly_Driver,discussion,0.00018223116494482384
rec.sport.hockey,Anomaly_Driver,umar,0.00017837411724030972
rec.sport.hockey,Anomaly_Driver,well,0.00017394282524492156
rec.sport.hockey,Anomaly_Driver,##ney,0.000171641050837934
rec.sport.hockey,Anomaly_Driver,ignores,0.00016643927665427327
rec.sport.hockey,Anomaly_Driver,golf,0.00016524763777852057
rec.sport.hockey,Anomaly_Driver,180,0.0001635051525227027
rec.sport.hockey,Anomaly_Driver,correct,0.00015760058481646412
rec.sport.hockey,Anomaly_Driver,doesn,0.0001567649865137355
rec.sport.hockey,Anomaly_Driver,##b,0.00015622784044353467
rec.sport.hockey,Anomaly_Driver,reaction,0.0001548359488879214
rec.sport.hockey,Anomaly_Driver,##rl,0.00015184341809799663
rec.sport.hockey,Anomaly_Driver,front,0.0001502569227341155
rec.sport.hockey,Anomaly_Driver,tc,0.00014882695068081376
rec.sport.hockey,Anomaly_Driver,stick,0.00014619484663853656
rec.sport.hockey,Anomaly_Driver,rights,0.00014489164432234246
rec.sport.hockey,Anomaly_Driver,therefore,0.00014265108475228772
rec.sport.hockey,Anomaly_Driver,got,0.00014188393950007594
rec.sport.hockey,Anomaly_Driver,um,0.00014099802374403225
rec.sport.hockey,Anomaly_Driver,help,0.00013495611246980844
rec.sport.hockey,Anomaly_Driver,motion,0.00013489972006937024
rec.sport.hockey,Anomaly_Driver,##ulo,0.00013205173308961093
sci.crypt,Anomaly_Driver,^,0.0010969873594603996
sci.crypt,Anomaly_Driver,calgary,0.0004475288387766341
sci.crypt,Anomaly_Driver,0,0.0003383449366538116
sci.crypt,Anomaly_Driver,##ru,0.0003305583001747436
sci.crypt,Anomaly_Driver,activists,0.0002873541321605444
sci.crypt,Anomaly_Driver,thanks,0.0002796277337893116
sci.crypt,Anomaly_Driver,11,0.0001889000902792759
sci.crypt,Anomaly_Driver,>,0.0001382194158850325
sci.crypt,Anomaly_Driver,lab,0.00012317532673478127
sci.crypt,Anomaly_Driver,spaghetti,0.00011728386161848902
sci.crypt,Anomaly_Driver,lighter,0.00010857540182769298
sci.crypt,Anomaly_Driver,*,9.599428490218998e-05
sci.crypt,Anomaly_Driver,##sters,8.198597934097051e-05
sci.crypt,Anomaly_Driver,etc,8.173893265848165e-05
sci.crypt,Anomaly_Driver,mac,7.549493975602672e-05
sci.crypt,Anomaly_Driver,release,7.514660724154965e-05
sci.crypt,Anomaly_Driver,impressive,7.24679517588811e-05
sci.crypt,Anomaly_Driver,02,6.438468772103078e-05
sci.crypt,Anomaly_Driver,gets,6.384177463587548e-05
sci.crypt,Anomaly_Driver,table,6.190003878145945e-05
sci.crypt,Anomaly_Driver,quebec,5.5395567324012517e-05
sci.crypt,Anomaly_Driver,word,5.266527514322661e-05
sci.crypt,Anomaly_Driver,must,5.209949376876466e-05
sci.crypt,Anomaly_Driver,##lb,5.160794808034552e-05
sci.crypt,Anomaly_Driver,##va,5.096626596241549e-05
sci.crypt,Anomaly_Driver,new,4.933788645757886e-05
sci.crypt,Anomaly_Driver,victor,4.8903931747190656e-05
sci.crypt,Anomaly_Driver,canadiens,4.7228994662873444e-05
sci.crypt,Anomaly_Driver,@,4.678952773247147e-05
sci.crypt,Anomaly_Driver,car,4.423601649250486e-05
sci.crypt,Anomaly_Driver,##ro,4.315367514209356e-05
sci.crypt,Anomaly_Driver,##35,4.181034746579826e-05
sci.crypt,Anomaly_Driver,back,4.1012961219166755e-05
sci.crypt,Anomaly_Driver,windows,4.085256982762075e-05
sci.crypt,Anomaly_Driver,kent,4.073636846442241e-05
sci.crypt,Anomaly_Driver,mats,3.934232772735413e-05
sci.crypt,Anomaly_Driver,##h,3.8899160426808524e-05
sci.crypt,Anomaly_Driver,april,3.861127438540279e-05
sci.crypt,Anomaly_Driver,nhl,3.758207603823394e-05
sci.crypt,Anomaly_Driver,leave,3.6991322667745406e-05
sci.crypt,Anomaly_Driver,voice,3.572560599423014e-05
sci.crypt,Anomaly_Driver,500,3.47422961567645e-05
sci.crypt,Anomaly_Driver,road,3.389389530639164e-05
sci.crypt,Anomaly_Driver,isa,3.377929979251348e-05
sci.crypt,Anomaly_Driver,mickey,3.3035955857485534e-05
sci.crypt,Anomaly_Driver,name,3.248694461035484e-05
sci.crypt,Anomaly_Driver,card,3.2319733099939187e-05
sci.crypt,Anomaly_Driver,merely,3.2306054708897133e-05
sci.crypt,Anomaly_Driver,##ed,3.1937056178321654e-05
sci.crypt,Anomaly_Driver,##co,3.152173835587746e-05
sci.electronics,Anomaly_Driver,##led,0.00018993557896465063
sci.electronics,Anomaly_Driver,reserve,0.00017924808562383988
sci.electronics,Anomaly_Driver,germany,0.00017021204976117588
sci.electronics,Anomaly_Driver,controls,0.000169331003780826
sci.electronics,Anomaly_Driver,##dict,0.00016903126143006376
sci.electronics,Anomaly_Driver,grenade,0.00014595722313970327
sci.electronics,Anomaly_Driver,reason,0.00010558160533946648
sci.electronics,Anomaly_Driver,kent,0.00010049144038930536
sci.electronics,Anomaly_Driver,pc,9.773842989488913e-05
sci.electronics,Anomaly_Driver,45,9.518065489828586e-05
sci.electronics,Anomaly_Driver,non,8.428988817286154e-05
sci.electronics,Anomaly_Driver,reply,8.007854085008148e-05
sci.electronics,Anomaly_Driver,inter,7.431721987813945e-05
sci.electronics,Anomaly_Driver,contra,7.106586999725551e-05
sci.electronics,Anomaly_Driver,##sea,7.084610406309366e-05
sci.electronics,Anomaly_Driver,press,6.598702747169227e-05
sci.electronics,Anomaly_Driver,graphics,6.567202726728282e-05
sci.electronics,Anomaly_Driver,re,5.991623470436025e-05
sci.electronics,Anomaly_Driver,expert,5.838604283781024e-05
sci.electronics,Anomaly_Driver,christy,5.801065708510578e-05
sci.electronics,Anomaly_Driver,info,5.6370271704508926e-05
sci.electronics,Anomaly_Driver,##si,5.435209977804334e-05
sci.electronics,Anomaly_Driver,al,5.2552555052898243e-05
sci.electronics,Anomaly_Driver,cure,5.204154786042636e-05
sci.electronics,Anomaly_Driver,sorry,4.863303879574232e-05
sci.electronics,Anomaly_Driver,sam,4.781223960890202e-05
sci.electronics,Anomaly_Driver,bait,4.753845860250294e-05
sci.electronics,Anomaly_Driver,limit,4.72610386168526e-05
sci.electronics,Anomaly_Driver,difficult,4.65284266283561e-05
sci.electronics,Anomaly_Driver,##gic,4.622898477464332e-05
sci.electronics,Anomaly_Driver,post,4.55328007319622e-05
sci.electronics,Anomaly_Driver,chorus,4.374276613816619e-05
sci.electronics,Anomaly_Driver,thanks,4.374128291146917e-05
sci.electronics,Anomaly_Driver,slug,4.217035602778196e-05
sci.electronics,Anomaly_Driver,intelligence,4.0493454253009983e-05
sci.electronics,Anomaly_Driver,allen,3.989480901509523e-05
sci.electronics,Anomaly_Driver,min,3.9462361019104716e-05
sci.electronics,Anomaly_Driver,story,3.747563296201406e-05
sci.electronics,Anomaly_Driver,apply,3.67778642612393e-05
sci.electronics,Anomaly_Driver,support,3.5751776613324183e-05
sci.electronics,Anomaly_Driver,anderson,3.466279013082385e-05
sci.electronics,Anomaly_Driver,desert,3.4093172143911946e-05
sci.electronics,Anomaly_Driver,set,3.329924813897378e-05
sci.electronics,Anomaly_Driver,anonymous,3.310364822937117e-05
sci.electronics,Anomaly_Driver,bauer,3.277092473581433e-05
sci.electronics,Anomaly_Driver,takes,3.1483383190789026e-05
sci.electronics,Anomaly_Driver,r,3.0701419586876e-05
sci.electronics,Anomaly_Driver,precious,3.0279390921350567e-05
sci.electronics,Anomaly_Driver,che,2.9593695217045024e-05
sci.electronics,Anomaly_Driver,versions,2.9299280140548944e-05
sci.med,Anomaly_Driver,outlets,0.0005865390412509441
sci.med,Anomaly_Driver,adjust,0.000384590692101483
sci.med,Anomaly_Driver,##runner,0.00035694052567123433
sci.med,Anomaly_Driver,cb,0.00029458531507771114
sci.med,Anomaly_Driver,xl,0.00020442738377823844
sci.med,Anomaly_Driver,advance,0.00020113961845709128
sci.med,Anomaly_Driver,consumer,0.0001933184249992337
sci.med,Anomaly_Driver,ken,0.00012326226301411224
sci.med,Anomaly_Driver,ud,0.00012191817204438848
sci.med,Anomaly_Driver,##ld,0.00011559401682461611
sci.med,Anomaly_Driver,somebody,0.00010305527721357066
sci.med,Anomaly_Driver,document,0.00010178755819651996
sci.med,Anomaly_Driver,companies,8.956794154073578e-05
sci.med,Anomaly_Driver,failure,8.152432274073362e-05
sci.med,Anomaly_Driver,nasa,7.435111992890598e-05
sci.med,Anomaly_Driver,ours,6.555876207130496e-05
sci.med,Anomaly_Driver,audio,6.482089497694687e-05
sci.med,Anomaly_Driver,correct,6.44660306534206e-05
sci.med,Anomaly_Driver,##erland,6.02234504185617e-05
sci.med,Anomaly_Driver,##ep,6.0189951909705997e-05
sci.med,Anomaly_Driver,papers,5.986231317365309e-05
sci.med,Anomaly_Driver,henderson,5.924142897129059e-05
sci.med,Anomaly_Driver,suited,5.8034626999869945e-05
sci.med,Anomaly_Driver,surround,5.7055985598708504e-05
sci.med,Anomaly_Driver,45th,5.3560564992949367e-05
sci.med,Anomaly_Driver,lines,5.0291485899833786e-05
sci.med,Anomaly_Driver,visual,4.934343487548176e-05
sci.med,Anomaly_Driver,remote,4.893270088359714e-05
sci.med,Anomaly_Driver,##u,4.704576722360798e-05
sci.med,Anomaly_Driver,hierarchy,4.6781406854279337e-05
sci.med,Anomaly_Driver,g,4.6296573145809816e-05
sci.med,Anomaly_Driver,ravi,4.460224590729922e-05
sci.med,Anomaly_Driver,##r,4.456636361283017e-05
sci.med,Anomaly_Driver,micro,4.4550728853209874e-05
sci.med,Anomaly_Driver,tune,4.229987052895012e-05
sci.med,Anomaly_Driver,im,3.8019324438209876e-05
sci.med,Anomaly_Driver,case,3.786538832173392e-05
sci.med,Anomaly_Driver,hint,3.643839145297534e-05
sci.med,Anomaly_Driver,berkeley,3.6437390008359216e-05
sci.med,Anomaly_Driver,minority,3.5689817377715374e-05
sci.med,Anomaly_Driver,va,3.453084527791361e-05
sci.med,Anomaly_Driver,steve,3.259417280787602e-05
sci.med,Anomaly_Driver,bull,3.2110786764860674e-05
sci.med,Anomaly_Driver,275,3.06242583974381e-05
sci.med,Anomaly_Driver,ab,3.0356506613316014e-05
sci.med,Anomaly_Driver,bunch,2.9909121440141462e-05
sci.med,Anomaly_Driver,te,2.988488158734981e-05
sci.med,Anomaly_Driver,eats,2.9706006171181797e-05
sci.med,Anomaly_Driver,hard,2.9405693589978908e-05
sci.med,Anomaly_Driver,free,2.936223763754242e-05
sci.space,Anomaly_Driver,advance,0.0006302923703515262
sci.space,Anomaly_Driver,cycle,0.00015597884785165662
sci.space,Anomaly_Driver,pitched,0.0001371300601022085
sci.space,Anomaly_Driver,##ec,0.00010861755727091804
sci.space,Anomaly_Driver,viewers,0.00010294821113348007
sci.space,Anomaly_Driver,cs,8.597479609306902e-05
sci.space,Anomaly_Driver,card,7.696838383708382e-05
sci.space,Anomaly_Driver,surprised,6.589887998416088e-05
sci.space,Anomaly_Driver,##iated,5.623764591291547e-05
sci.space,Anomaly_Driver,fires,5.53867663256824e-05
sci.space,Anomaly_Driver,sm,5.0720200579235095e-05
sci.space,Anomaly_Driver,address,4.9363259131496305e-05
sci.space,Anomaly_Driver,meter,4.926889412217861e-05
sci.space,Anomaly_Driver,##din,4.470901913009584e-05
sci.space,Anomaly_Driver,comments,4.349138580437284e-05
sci.space,Anomaly_Driver,ca,4.258404060237808e-05
sci.space,Anomaly_Driver,risk,4.066412766405847e-05
sci.space,Anomaly_Driver,##ele,4.0305181755684316e-05
sci.space,Anomaly_Driver,patriotic,3.927859070245177e-05
sci.space,Anomaly_Driver,water,3.430427614148357e-05
sci.space,Anomaly_Driver,##sa,3.3441413961554645e-05
sci.space,Anomaly_Driver,u,3.328183402118157e-05
sci.space,Anomaly_Driver,via,3.1774966737430076e-05
sci.space,Anomaly_Driver,sails,3.152726567350328e-05
sci.space,Anomaly_Driver,place,3.1379126539832214e-05
sci.space,Anomaly_Driver,tactic,3.091362887062132e-05
sci.space,Anomaly_Driver,body,3.0013539571882575e-05
sci.space,Anomaly_Driver,atheist,2.9497912828446714e-05
sci.space,Anomaly_Driver,page,2.914540452820802e-05
sci.space,Anomaly_Driver,occurred,2.7686629255185836e-05
sci.space,Anomaly_Driver,##ld,2.7595251003731393e-05
sci.space,Anomaly_Driver,pressure,2.7474988019093872e-05
sci.space,Anomaly_Driver,##tein,2.7232669526711107e-05
sci.space,Anomaly_Driver,character,2.699375127122039e-05
sci.space,Anomaly_Driver,##ie,2.687887172214687e-05
sci.space,Anomaly_Driver,##57,2.5235002976842224e-05
sci.space,Anomaly_Driver,##sm,2.4825828313623786e-05
sci.space,Anomaly_Driver,##tation,2.4765977741481038e-05
sci.space,Anomaly_Driver,525,2.368944406043738e-05
sci.space,Anomaly_Driver,citizen,2.2510154622068512e-05
sci.space,Anomaly_Driver,id,2.237363387393998e-05
sci.space,Anomaly_Driver,dream,2.1785261924378575e-05
sci.space,Anomaly_Driver,##eda,2.1097846911288798e-05
sci.space,Anomaly_Driver,scores,2.077948520309292e-05
sci.space,Anomaly_Driver,pseudo,2.067456898657838e-05
sci.space,Anomaly_Driver,3,2.0525350089428683e-05
sci.space,Anomaly_Driver,rice,2.0486637367866933e-05
sci.space,Anomaly_Driver,ny,2.033183109233505e-05
sci.space,Anomaly_Driver,champs,2.0293352645239792e-05
sci.space,Anomaly_Driver,add,1.987261193789891e-05
soc.religion.christian,Anomaly_Driver,geoff,0.0004695382434874773
soc.religion.christian,Anomaly_Driver,zip,0.00039753456358084807
soc.religion.christian,Anomaly_Driver,>,0.0003555670734613159
soc.religion.christian,Anomaly_Driver,josh,0.00030134359840303657
soc.religion.christian,Anomaly_Driver,daryl,0.0002934312215074897
soc.religion.christian,Anomaly_Driver,carpenter,0.0002696241324883886
soc.religion.christian,Anomaly_Driver,com,0.0002490885862698633
soc.religion.christian,Anomaly_Driver,advance,0.0002424583702122618
soc.religion.christian,Anomaly_Driver,sorry,0.00019135913316858932
soc.religion.christian,Anomaly_Driver,rec,0.00018895861794590018
soc.religion.christian,Anomaly_Driver,drivers,0.00018059708550026697
soc.religion.christian,Anomaly_Driver,next,0.0001675897796303616
soc.religion.christian,Anomaly_Driver,\,0.0001629876576771494
soc.religion.christian,Anomaly_Driver,true,0.00015292184507416097
soc.religion.christian,Anomaly_Driver,ve,0.0001425502683105151
soc.religion.christian,Anomaly_Driver,##com,0.00013484250503097427
soc.religion.christian,Anomaly_Driver,year,0.00011010455991709023
soc.religion.christian,Anomaly_Driver,michael,0.00010679739352781326
soc.religion.christian,Anomaly_Driver,ed,0.0001062216872242061
soc.religion.christian,Anomaly_Driver,precious,0.00010425762739032506
soc.religion.christian,Anomaly_Driver,##fo,9.748355223564431e-05
soc.religion.christian,Anomaly_Driver,walker,9.65900493611116e-05
soc.religion.christian,Anomaly_Driver,##chi,9.489716212556232e-05
soc.religion.christian,Anomaly_Driver,##el,8.42271414512652e-05
soc.religion.christian,Anomaly_Driver,natural,8.25007749881479e-05
soc.religion.christian,Anomaly_Driver,ac,7.489483687095344e-05
soc.religion.christian,Anomaly_Driver,##a,7.12100936425486e-05
soc.religion.christian,Anomaly_Driver,il,7.054481393424794e-05
soc.religion.christian,Anomaly_Driver,tasting,6.818349938839675e-05
soc.religion.christian,Anomaly_Driver,christians,6.631698897763272e-05
soc.religion.christian,Anomaly_Driver,##n,5.884538893496938e-05
soc.religion.christian,Anomaly_Driver,mel,5.689495010301471e-05
soc.religion.christian,Anomaly_Driver,##avi,5.630268715322018e-05
soc.religion.christian,Anomaly_Driver,gregg,5.514183430932462e-05
soc.religion.christian,Anomaly_Driver,##ap,5.496964422491146e-05
soc.religion.christian,Anomaly_Driver,m,4.936323352922045e-05
soc.religion.christian,Anomaly_Driver,offer,4.8049853558040925e-05
soc.religion.christian,Anomaly_Driver,##10,4.583145537253586e-05
soc.religion.christian,Anomaly_Driver,beautiful,4.57324247690849e-05
soc.religion.christian,Anomaly_Driver,joel,4.538249922916293e-05
soc.religion.christian,Anomaly_Driver,based,4.530369442363735e-05
soc.religion.christian,Anomaly_Driver,traded,4.5246490299177824e-05
soc.religion.christian,Anomaly_Driver,##en,4.489821367315017e-05
soc.religion.christian,Anomaly_Driver,##ji,4.488641279749572e-05
soc.religion.christian,Anomaly_Driver,massacre,4.3694788473658264e-05
soc.religion.christian,Anomaly_Driver,##my,4.2388182464492274e-05
soc.religion.christian,Anomaly_Driver,sound,4.1332647606395766e-05
soc.religion.christian,Anomaly_Driver,lam,4.1308411164209245e-05
soc.religion.christian,Anomaly_Driver,implement,4.1123585106106475e-05
soc.religion.christian,Anomaly_Driver,4,3.991225366917206e-05
talk.politics.guns,Anomaly_Driver,##pod,0.00062679722905159
talk.politics.guns,Anomaly_Driver,shipping,0.0005417777728325745
talk.politics.guns,Anomaly_Driver,tick,0.0004523022100329399
talk.politics.guns,Anomaly_Driver,##nction,0.0001782837323844433
talk.politics.guns,Anomaly_Driver,correct,0.00016883592197700637
talk.politics.guns,Anomaly_Driver,ax,0.00016117622776619102
talk.politics.guns,Anomaly_Driver,rangers,0.00015369136453955435
talk.politics.guns,Anomaly_Driver,0,0.00013755025888713136
talk.politics.guns,Anomaly_Driver,litres,0.00013545530382543802
talk.politics.guns,Anomaly_Driver,25,0.00013212848716648296
talk.politics.guns,Anomaly_Driver,motorola,0.00013212415760790463
talk.politics.guns,Anomaly_Driver,intel,0.00011796670651165186
talk.politics.guns,Anomaly_Driver,irrelevant,0.00011070615264543448
talk.politics.guns,Anomaly_Driver,chad,9.850754868239165e-05
talk.politics.guns,Anomaly_Driver,claims,9.498985991740483e-05
talk.politics.guns,Anomaly_Driver,expects,9.250015718862415e-05
talk.politics.guns,Anomaly_Driver,+,8.877318336999451e-05
talk.politics.guns,Anomaly_Driver,libertarian,8.77559621585533e-05
talk.politics.guns,Anomaly_Driver,rear,8.628407049400266e-05
talk.politics.guns,Anomaly_Driver,bruise,8.598021231591702e-05
talk.politics.guns,Anomaly_Driver,61,8.304285247504595e-05
talk.politics.guns,Anomaly_Driver,02,8.156917137966957e-05
talk.politics.guns,Anomaly_Driver,tips,7.980815134942532e-05
talk.politics.guns,Anomaly_Driver,electronics,7.879379709265776e-05
talk.politics.guns,Anomaly_Driver,wheel,7.827171612007078e-05
talk.politics.guns,Anomaly_Driver,kun,7.782016255077905e-05
talk.politics.guns,Anomaly_Driver,~,7.777726400490793e-05
talk.politics.guns,Anomaly_Driver,ne,7.382105959550245e-05
talk.politics.guns,Anomaly_Driver,doug,7.29201186913997e-05
talk.politics.guns,Anomaly_Driver,jed,7.23134959116578e-05
talk.politics.guns,Anomaly_Driver,burn,7.2191975050373e-05
talk.politics.guns,Anomaly_Driver,memory,6.84702792796088e-05
talk.politics.guns,Anomaly_Driver,proof,6.811689363530604e-05
talk.politics.guns,Anomaly_Driver,84,6.668616169918096e-05
talk.politics.guns,Anomaly_Driver,info,6.607306449950557e-05
talk.politics.guns,Anomaly_Driver,=,6.474799581610569e-05
talk.politics.guns,Anomaly_Driver,14,6.221774226560229e-05
talk.politics.guns,Anomaly_Driver,driver,6.219413317012367e-05
talk.politics.guns,Anomaly_Driver,##ed,6.144059284451941e-05
talk.politics.guns,Anomaly_Driver,appreciated,6.125474628788652e-05
talk.politics.guns,Anomaly_Driver,fran,5.9669854817911985e-05
talk.politics.guns,Anomaly_Driver,$,5.9603309682643155e-05
talk.politics.guns,Anomaly_Driver,bitch,5.908001021452947e-05
talk.politics.guns,Anomaly_Driver,evidence,5.870175882591866e-05
talk.politics.guns,Anomaly_Driver,device,5.755355814471841e-05
talk.politics.guns,Anomaly_Driver,administration,5.6017672750385825e-05
talk.politics.guns,Anomaly_Driver,add,5.569667318923166e-05
talk.politics.guns,Anomaly_Driver,aw,5.5312446784228085e-05
talk.politics.guns,Anomaly_Driver,bare,5.5129243992269036e-05
talk.politics.guns,Anomaly_Driver,@,5.470084497574135e-05
talk.politics.mideast,Anomaly_Driver,prevent,0.0010180593137192773
talk.politics.mideast,Anomaly_Driver,tri,0.0006758472882211208
talk.politics.mideast,Anomaly_Driver,61,0.0005798662779852748
talk.politics.mideast,Anomaly_Driver,##ick,0.00040513427520636467
talk.politics.mideast,Anomaly_Driver,too,0.0003029980674000399
talk.politics.mideast,Anomaly_Driver,applications,0.00028961060716028444
talk.politics.mideast,Anomaly_Driver,government,0.0002752532038357458
talk.politics.mideast,Anomaly_Driver,fbi,0.00023866620131229865
talk.politics.mideast,Anomaly_Driver,##30,0.000232058117944689
talk.politics.mideast,Anomaly_Driver,##nch,0.00022711801684636158
talk.politics.mideast,Anomaly_Driver,nuts,0.00020473026670515538
talk.politics.mideast,Anomaly_Driver,soap,0.0001989978365600109
talk.politics.mideast,Anomaly_Driver,discussion,0.00018383662109044963
talk.politics.mideast,Anomaly_Driver,hate,0.00017406615352228983
talk.politics.mideast,Anomaly_Driver,##15,0.00016462124222016428
talk.politics.mideast,Anomaly_Driver,##2,0.0001599681141669862
talk.politics.mideast,Anomaly_Driver,bands,0.00015639967750757933
talk.politics.mideast,Anomaly_Driver,email,0.0001461381826629804
talk.politics.mideast,Anomaly_Driver,##boards,0.00014479465316981078
talk.politics.mideast,Anomaly_Driver,based,0.00013498901626007864
talk.politics.mideast,Anomaly_Driver,roy,0.00013462236629493418
talk.politics.mideast,Anomaly_Driver,rom,0.00013188609300414101
talk.politics.mideast,Anomaly_Driver,today,0.00013163028934286557
talk.politics.mideast,Anomaly_Driver,imposed,0.00013015647418797017
talk.politics.mideast,Anomaly_Driver,ph,0.00012847969019276207
talk.politics.mideast,Anomaly_Driver,privacy,0.00012831680942326784
talk.politics.mideast,Anomaly_Driver,item,0.00012063635767844971
talk.politics.mideast,Anomaly_Driver,ts,0.00011855821721837856
talk.politics.mideast,Anomaly_Driver,texas,0.00011724642554327147
talk.politics.mideast,Anomaly_Driver,private,0.00011501722647153657
talk.politics.mideast,Anomaly_Driver,##ing,0.00011434577104409981
talk.politics.mideast,Anomaly_Driver,mu,0.00010624157621350606
talk.politics.mideast,Anomaly_Driver,absolute,0.00010448890043335268
talk.politics.mideast,Anomaly_Driver,mother,0.00010424519841762958
talk.politics.mideast,Anomaly_Driver,reprinted,0.00010300024878233671
talk.politics.mideast,Anomaly_Driver,preserving,0.00010252625215798617
talk.politics.mideast,Anomaly_Driver,thanks,9.76722702034749e-05
talk.politics.mideast,Anomaly_Driver,trouble,9.730882957228459e-05
talk.politics.mideast,Anomaly_Driver,cadence,9.470043587498367e-05
talk.politics.mideast,Anomaly_Driver,mist,9.466811316087842e-05
talk.politics.mideast,Anomaly_Driver,announce,9.433016530238091e-05
talk.politics.mideast,Anomaly_Driver,overwhelming,9.131052647717297e-05
talk.politics.mideast,Anomaly_Driver,##dable,8.938180399127304e-05
talk.politics.mideast,Anomaly_Driver,leave,8.790927768131951e-05
talk.politics.mideast,Anomaly_Driver,##kel,8.125117574309115e-05
talk.politics.mideast,Anomaly_Driver,season,8.053576457314193e-05
talk.politics.mideast,Anomaly_Driver,cute,8.042498957365752e-05
talk.politics.mideast,Anomaly_Driver,video,8.042205131459923e-05
talk.politics.mideast,Anomaly_Driver,stove,8.012532271095552e-05
talk.politics.mideast,Anomaly_Driver,social,7.84785127507348e-05
talk.politics.misc,Anomaly_Driver,win,0.0007520099649809709
talk.politics.misc,Anomaly_Driver,obtain,0.00040639626981828767
talk.politics.misc,Anomaly_Driver,>,0.0003779657496238542
talk.politics.misc,Anomaly_Driver,shen,0.00036647096276283265
talk.politics.misc,Anomaly_Driver,thanks,0.00031090981642591944
talk.politics.misc,Anomaly_Driver,fa,0.0002676490752719474
talk.politics.misc,Anomaly_Driver,encryption,0.0002601722728286404
talk.politics.misc,Anomaly_Driver,matters,0.00020635702676372603
talk.politics.misc,Anomaly_Driver,overs,0.00018923136758530745
talk.politics.misc,Anomaly_Driver,##za,0.00015972230412444332
talk.politics.misc,Anomaly_Driver,kent,0.00015440454881172628
talk.politics.misc,Anomaly_Driver,yeast,0.00010815933646881603
talk.politics.misc,Anomaly_Driver,agency,0.0001073953857030574
talk.politics.misc,Anomaly_Driver,ed,0.00010404745544292381
talk.politics.misc,Anomaly_Driver,shown,0.00010270925031363731
talk.politics.misc,Anomaly_Driver,##nk,0.00010096806799992919
talk.politics.misc,Anomaly_Driver,goal,9.687566921456892e-05
talk.politics.misc,Anomaly_Driver,lie,8.879469405655981e-05
talk.politics.misc,Anomaly_Driver,vi,8.410816080868244e-05
talk.politics.misc,Anomaly_Driver,ax,8.402433613809989e-05
talk.politics.misc,Anomaly_Driver,##yl,8.057819213718176e-05
talk.politics.misc,Anomaly_Driver,lightly,7.411218248307705e-05
talk.politics.misc,Anomaly_Driver,alternative,6.988186505623162e-05
talk.politics.misc,Anomaly_Driver,##u,6.825385885349533e-05
talk.politics.misc,Anomaly_Driver,id,6.797274136260967e-05
talk.politics.misc,Anomaly_Driver,##24,6.615979255002458e-05
talk.politics.misc,Anomaly_Driver,##h,6.363620223055477e-05
talk.politics.misc,Anomaly_Driver,kenneth,5.991493817418814e-05
talk.politics.misc,Anomaly_Driver,colorado,5.893209636269603e-05
talk.politics.misc,Anomaly_Driver,##cis,5.746628157794475e-05
talk.politics.misc,Anomaly_Driver,u,5.735361746701528e-05
talk.politics.misc,Anomaly_Driver,external,5.67318823414098e-05
talk.politics.misc,Anomaly_Driver,bureau,5.544133600778878e-05
talk.politics.misc,Anomaly_Driver,##ement,5.458352970890701e-05
talk.politics.misc,Anomaly_Driver,bonn,5.36676961928606e-05
talk.politics.misc,Anomaly_Driver,garbage,5.298321484588086e-05
talk.politics.misc,Anomaly_Driver,save,5.281898420435027e-05
talk.politics.misc,Anomaly_Driver,keith,5.154659738764167e-05
talk.politics.misc,Anomaly_Driver,##age,5.142125919519458e-05
talk.politics.misc,Anomaly_Driver,cable,5.053543295616691e-05
talk.politics.misc,Anomaly_Driver,br,5.0018564070342106e-05
talk.politics.misc,Anomaly_Driver,temple,4.851288749705418e-05
talk.politics.misc,Anomaly_Driver,ff,4.7928359708748755e-05
talk.politics.misc,Anomaly_Driver,tt,4.742885939776897e-05
talk.politics.misc,Anomaly_Driver,set,4.672735949498019e-05
talk.politics.misc,Anomaly_Driver,matter,4.659597525460413e-05
talk.politics.misc,Anomaly_Driver,interference,4.6280017704702915e-05
talk.politics.misc,Anomaly_Driver,^,4.583696886584221e-05
talk.politics.misc,Anomaly_Driver,une,4.555991936285864e-05
talk.politics.misc,Anomaly_Driver,thomas,4.5396218774840234e-05
talk.religion.misc,Anomaly_Driver,worth,0.00037765486863463595
talk.religion.misc,Anomaly_Driver,v,0.00034906090336335184
talk.religion.misc,Anomaly_Driver,realize,0.0002870108153729234
talk.religion.misc,Anomaly_Driver,advance,0.0002664031190761307
talk.religion.misc,Anomaly_Driver,putting,0.0002021350755057938
talk.religion.misc,Anomaly_Driver,monty,0.00018716640406637452
talk.religion.misc,Anomaly_Driver,##ps,0.000181191900264821
talk.religion.misc,Anomaly_Driver,##ze,0.00016406769154855282
talk.religion.misc,Anomaly_Driver,answer,0.00014587358009521267
talk.religion.misc,Anomaly_Driver,bet,0.00013201223318901612
talk.religion.misc,Anomaly_Driver,ap,0.00011569333182706031
talk.religion.misc,Anomaly_Driver,posts,0.00011293407533230493
talk.religion.misc,Anomaly_Driver,qu,0.00010941950604319573
talk.religion.misc,Anomaly_Driver,list,0.00010312468966731104
talk.religion.misc,Anomaly_Driver,##ma,0.00010173362525165431
talk.religion.misc,Anomaly_Driver,track,0.00010172823676839471
talk.religion.misc,Anomaly_Driver,ripe,9.67243337072432e-05
talk.religion.misc,Anomaly_Driver,fan,9.346125461888733e-05
talk.religion.misc,Anomaly_Driver,fbi,8.941531796153867e-05
talk.religion.misc,Anomaly_Driver,discussion,8.611700859546545e-05
talk.religion.misc,Anomaly_Driver,dan,8.059875071921851e-05
talk.religion.misc,Anomaly_Driver,joe,8.031563374970574e-05
talk.religion.misc,Anomaly_Driver,5,7.981929468314775e-05
talk.religion.misc,Anomaly_Driver,cent,7.954767443152377e-05
talk.religion.misc,Anomaly_Driver,jo,7.950031649670564e-05
talk.religion.misc,Anomaly_Driver,okay,7.791362368152477e-05
talk.religion.misc,Anomaly_Driver,650,7.234853619593195e-05
talk.religion.misc,Anomaly_Driver,rep,7.146570460463409e-05
talk.religion.misc,Anomaly_Driver,toni,7.109681027941405e-05
talk.religion.misc,Anomaly_Driver,sarcasm,6.746267172275111e-05
talk.religion.misc,Anomaly_Driver,ca,6.705870073346887e-05
talk.religion.misc,Anomaly_Driver,entering,6.688785051665037e-05
talk.religion.misc,Anomaly_Driver,electronics,6.448541971622035e-05
talk.religion.misc,Anomaly_Driver,jp,6.151034140202682e-05
talk.religion.misc,Anomaly_Driver,ticket,5.978542540105991e-05
talk.religion.misc,Anomaly_Driver,works,5.85426707402803e-05
talk.religion.misc,Anomaly_Driver,voyager,5.760407657362521e-05
talk.religion.misc,Anomaly_Driver,eras,5.730228986067232e-05
talk.religion.misc,Anomaly_Driver,##fi,5.612209170067217e-05
talk.religion.misc,Anomaly_Driver,ua,5.568285314438981e-05
talk.religion.misc,Anomaly_Driver,helmet,5.495208606589586e-05
talk.religion.misc,Anomaly_Driver,born,5.413874168880284e-05
talk.religion.misc,Anomaly_Driver,luck,5.4119950073072685e-05
talk.religion.misc,Anomaly_Driver,poster,5.409129025792936e-05
talk.religion.misc,Anomaly_Driver,recently,5.26539596648945e-05
talk.religion.misc,Anomaly_Driver,axel,5.218771402724087e-05
talk.religion.misc,Anomaly_Driver,1655,5.12896542204544e-05
talk.religion.misc,Anomaly_Driver,ko,5.034057539887726e-05
talk.religion.misc,Anomaly_Driver,##up,4.955058475388796e-05
talk.religion.misc,Anomaly_Driver,tri,4.777052672579885e-05
